{
  "oldParams": true,
  "wave_type": 2,
  "p_env_attack": -0.009481875225901604,
  "p_env_sustain": 0.1059487983584404,
  "p_env_punch": 0.34807178378105164,
  "p_env_decay": 0.99583899974823,
  "p_base_freq": 0.3036326766014099,
  "p_freq_limit": 0,
  "p_freq_ramp": -0.5781096816062927,
  "p_freq_dramp": 0.30683186650276184,
  "p_vib_strength": 0.07796000689268112,
  "p_vib_speed": 0.41185450553894043,
  "p_arp_mod": -1,
  "p_arp_speed": 1,
  "p_duty": 0.13407133519649506,
  "p_duty_ramp": -0.05713241547346115,
  "p_repeat_speed": -0.9552872776985168,
  "p_pha_offset": 0.22875520586967468,
  "p_pha_ramp": -0.00822152104228735,
  "p_lpf_freq": 0.9980280995368958,
  "p_lpf_ramp": -0.3252449333667755,
  "p_lpf_resonance": -0.7406386137008667,
  "p_hpf_freq": 0.5465432405471802,
  "p_hpf_ramp": -0.012798319570720196,
  "sound_vol": 0.25,
  "sample_rate": 44100,
  "sample_size": 8
}